epoch,time,train/box_loss,train/cls_loss,train/dfl_loss,metrics/precision(B),metrics/recall(B),metrics/mAP50(B),metrics/mAP50-95(B),val/box_loss,val/cls_loss,val/dfl_loss,lr/pg0,lr/pg1,lr/pg2
1,90.7148,2.4673,3.11917,2.01517,0,0,0,0,nan,nan,nan,0.00329825,0.00329825,0.00329825
2,139.749,2.3966,2.34212,1.97273,0.02962,0.00585,0.00038,0.00014,nan,nan,nan,0.00660174,0.00660174,0.00660174
3,201.05,2.341,2.2226,1.92884,0.02962,0.00585,0.00038,0.00014,nan,nan,nan,0.00987523,0.00987523,0.00987523
4,299.518,2.27474,2.11016,1.89604,0.41068,0.46784,0.39265,0.13863,2.22852,21.6693,2.08889,0.009865,0.009865,0.009865
5,430.584,2.21586,1.90316,1.83288,0.51666,0.35007,0.3566,0.09949,nan,nan,nan,0.00982,0.00982,0.00982
6,480.231,2.17831,1.80723,1.83556,0.53035,0.52831,0.51111,0.18333,2.25251,2.55464,2.07012,0.009775,0.009775,0.009775
7,529.459,2.11858,1.70926,1.74311,0.36152,0.51986,0.40442,0.14408,2.11023,2.98129,1.95233,0.00973,0.00973,0.00973
8,577.601,2.11348,1.68811,1.74589,0.64198,0.46199,0.46318,0.16814,2.32684,2.2604,2.14124,0.009685,0.009685,0.009685
9,649.092,2.12509,1.6381,1.74174,0.69081,0.46199,0.48202,0.15508,2.67512,3.93276,2.33913,0.00964,0.00964,0.00964
10,697.36,2.0593,1.58081,1.69745,0.64602,0.39181,0.44822,0.15531,2.37607,2.35809,2.16885,0.009595,0.009595,0.009595
11,745.454,2.11002,1.61318,1.75287,0.8262,0.52821,0.62317,0.22641,2.24383,1.98037,2.03258,0.00955,0.00955,0.00955
12,793.194,2.00966,1.50796,1.70605,0.68455,0.52632,0.53373,0.18585,2.34982,2.13162,2.12607,0.009505,0.009505,0.009505
13,913.398,2.02845,1.47907,1.69271,0.67508,0.57107,0.5676,0.21746,2.22923,1.87457,2.03023,0.00946,0.00946,0.00946
14,962.974,2.01325,1.47024,1.67339,0.50748,0.36257,0.36724,0.12227,2.28316,2.32498,2.05974,0.009415,0.009415,0.009415
15,1011.33,2.01501,1.45055,1.6821,0.73447,0.60819,0.57115,0.18618,2.38668,1.82573,2.15378,0.00937,0.00937,0.00937
16,1059.59,2.02435,1.4225,1.67915,0.86837,0.50155,0.58269,0.24285,2.29733,1.95282,2.13096,0.009325,0.009325,0.009325
17,1107.3,1.99639,1.44442,1.65032,0.65085,0.60234,0.62455,0.26048,2.0813,2.01856,1.92594,0.00928,0.00928,0.00928
18,1155.04,1.99457,1.38782,1.65713,0.7881,0.50027,0.56349,0.20826,2.24582,1.97166,2.02705,0.009235,0.009235,0.009235
19,1202.13,1.98666,1.33909,1.64414,0.71992,0.63743,0.68932,0.25954,2.18958,1.64901,1.98398,0.00919,0.00919,0.00919
20,1260.23,1.94287,1.31648,1.62247,0.69734,0.46784,0.57747,0.19769,2.38359,2.10449,2.13089,0.009145,0.009145,0.009145
21,1316.54,1.9875,1.31379,1.65071,0.79695,0.66563,0.68985,0.25901,2.12171,1.57368,1.93429,0.0091,0.0091,0.0091
22,1363.2,1.89568,1.2593,1.6059,0.80219,0.71148,0.7078,0.27643,2.175,1.47981,1.99562,0.009055,0.009055,0.009055
23,1410.54,1.91075,1.23091,1.60304,0.78982,0.60234,0.68283,0.28478,2.19436,1.67793,2.00129,0.00901,0.00901,0.00901
24,1458.67,1.92638,1.22633,1.61321,0.79711,0.66629,0.71656,0.29115,2.16051,1.66947,1.94202,0.008965,0.008965,0.008965
25,1506.57,1.8979,1.24956,1.59525,0.76803,0.68421,0.68233,0.27093,2.22995,1.48032,2.07049,0.00892,0.00892,0.00892
26,1553.31,1.92336,1.29717,1.62625,0.755,0.61988,0.64828,0.26854,2.32951,1.91217,2.13964,0.008875,0.008875,0.008875
27,1599.02,1.89028,1.23692,1.59227,0.8769,0.58322,0.66605,0.29154,2.09429,1.69226,1.92992,0.00883,0.00883,0.00883
28,1645.03,1.88698,1.24691,1.60606,0.84529,0.63905,0.70904,0.27748,2.20875,1.51967,2.02827,0.008785,0.008785,0.008785
29,1690.15,1.90123,1.22055,1.62064,0.8528,0.64373,0.71178,0.29148,2.22984,1.47173,2.03225,0.00874,0.00874,0.00874
30,1735.75,1.91456,1.20627,1.60479,0.7957,0.63774,0.70509,0.31526,2.2727,1.51249,2.05236,0.008695,0.008695,0.008695
31,1780.96,1.89847,1.2412,1.59026,0.88018,0.60141,0.7319,0.28728,2.2428,1.5398,2.02812,0.00865,0.00865,0.00865
32,1828.25,1.86588,1.17377,1.57706,0.75033,0.63271,0.69475,0.25647,2.22853,1.54009,2.02737,0.008605,0.008605,0.008605
33,1875.68,1.87949,1.15633,1.57964,0.80432,0.55556,0.61841,0.24843,2.23672,1.77043,2.01804,0.00856,0.00856,0.00856
34,1924.2,1.85798,1.18218,1.56723,0.82878,0.62274,0.70068,0.28801,2.2279,1.91765,2.00491,0.008515,0.008515,0.008515
35,1972.47,1.86411,1.15533,1.59278,0.81187,0.65497,0.65032,0.26763,2.21484,1.57674,2.0519,0.00847,0.00847,0.00847
36,2020.2,1.90122,1.16851,1.61042,0.72286,0.72515,0.70907,0.2774,2.21808,1.42301,2.01594,0.008425,0.008425,0.008425
37,2069,1.85898,1.15105,1.58999,0.78354,0.74854,0.76595,0.33541,2.24462,1.4737,2.10198,0.00838,0.00838,0.00838
38,2117.59,1.89065,1.14263,1.60528,0.8458,0.76987,0.77916,0.34682,2.2121,1.33055,2.02801,0.008335,0.008335,0.008335
39,2166.29,1.84723,1.10758,1.57486,0.88452,0.63158,0.73276,0.31613,2.23299,1.56369,2.03768,0.00829,0.00829,0.00829
40,2213.02,1.82868,1.11556,1.54861,0.78105,0.6467,0.72909,0.28703,2.28266,1.53503,2.0933,0.008245,0.008245,0.008245
41,2260.16,1.84682,1.10656,1.55472,0.83313,0.7076,0.7633,0.32072,2.17964,1.52899,1.99653,0.0082,0.0082,0.0082
42,2306.82,1.84526,1.13455,1.56195,0.84062,0.74027,0.76868,0.28553,2.27245,1.36375,2.06589,0.008155,0.008155,0.008155
43,2354,1.84784,1.08319,1.54078,0.83206,0.66667,0.74235,0.28738,2.23476,1.50544,2.07297,0.00811,0.00811,0.00811
44,2401.63,1.78525,1.0896,1.56161,0.76052,0.69591,0.70259,0.25848,2.25929,1.50232,2.0598,0.008065,0.008065,0.008065
45,2449.82,1.82844,1.07383,1.54295,0.77609,0.72515,0.73072,0.30588,2.21063,1.41657,2.02623,0.00802,0.00802,0.00802
46,2498.37,1.82105,1.10477,1.55623,0.80008,0.67251,0.70449,0.27131,2.25279,1.55083,2.06663,0.007975,0.007975,0.007975
47,2547.28,1.81586,1.0491,1.53757,0.89792,0.72515,0.77657,0.33615,2.21808,1.30623,2.0288,0.00793,0.00793,0.00793
48,2596.04,1.84228,1.0804,1.56729,0.82479,0.71575,0.72502,0.2795,2.28383,1.38265,2.09362,0.007885,0.007885,0.007885
49,2644.07,1.82122,1.03675,1.53915,0.88451,0.76141,0.78603,0.34589,2.19328,1.28032,2.0167,0.00784,0.00784,0.00784
50,2692.27,1.80595,1.04594,1.55623,0.80115,0.65497,0.68866,0.28903,2.29381,1.42689,2.12214,0.007795,0.007795,0.007795
51,2739.73,1.81668,1.05315,1.53819,0.83092,0.60353,0.67391,0.27577,2.24611,1.53714,2.02105,0.00775,0.00775,0.00775
52,2786.68,1.80074,1.00571,1.53298,0.81879,0.70175,0.7176,0.31606,2.32092,1.43203,2.10017,0.007705,0.007705,0.007705
53,2833.57,1.80018,1.01204,1.54725,0.81601,0.73684,0.78314,0.32907,2.25026,1.38653,2.10387,0.00766,0.00766,0.00766
54,2881.23,1.79482,1.02452,1.53324,0.84458,0.7309,0.74721,0.28915,2.28943,1.53271,2.07509,0.007615,0.007615,0.007615
55,2929.73,1.82812,1.0562,1.54087,0.8429,0.78947,0.76439,0.31147,2.2664,1.21759,2.08486,0.00757,0.00757,0.00757
56,2977.82,1.78217,1.04149,1.52452,0.89451,0.69591,0.75929,0.33084,2.2561,1.37431,2.08517,0.007525,0.007525,0.007525
57,3026.34,1.76659,0.99071,1.52518,0.84364,0.76608,0.76148,0.33827,2.15852,1.34604,1.98163,0.00748,0.00748,0.00748
58,3074.94,1.76512,1.01726,1.51231,0.79745,0.73674,0.74055,0.30173,2.25754,1.38998,2.09333,0.007435,0.007435,0.007435
59,3123.09,1.78688,0.98504,1.54279,0.88627,0.78363,0.77288,0.31102,2.20035,1.30184,1.99526,0.00739,0.00739,0.00739
60,3170.84,1.79709,1.03352,1.55663,0.84613,0.77182,0.79157,0.31274,2.15862,1.16456,2.0167,0.007345,0.007345,0.007345
61,3218.88,1.78135,0.9869,1.52955,0.88835,0.73684,0.77417,0.32951,2.24645,1.26531,2.08372,0.0073,0.0073,0.0073
62,3265.61,1.77386,0.97297,1.5176,0.93374,0.65497,0.74757,0.31176,2.26169,1.40953,2.07876,0.007255,0.007255,0.007255
63,3312.89,1.76361,0.99518,1.5197,0.85814,0.74291,0.78179,0.32344,2.23661,1.24589,2.07413,0.00721,0.00721,0.00721
64,3360.55,1.75928,0.96602,1.50826,0.89667,0.76023,0.78676,0.33138,2.2404,1.37207,2.04407,0.007165,0.007165,0.007165
65,3408.22,1.77416,0.95205,1.5324,0.92023,0.76608,0.81148,0.35579,2.23649,1.26958,2.04681,0.00712,0.00712,0.00712
66,3455.68,1.76547,0.96951,1.50786,0.86763,0.73099,0.76935,0.30764,2.36504,1.24726,2.16575,0.007075,0.007075,0.007075
67,3503.8,1.77918,0.95163,1.51925,0.88943,0.75266,0.78276,0.32107,2.31291,1.25698,2.11459,0.00703,0.00703,0.00703
68,3552.42,1.7522,0.95993,1.51831,0.90613,0.76023,0.78895,0.33448,2.20455,1.3035,2.01043,0.006985,0.006985,0.006985
69,3599.7,1.72218,0.93221,1.47747,0.85527,0.76025,0.76412,0.33884,2.28004,1.26539,2.05224,0.00694,0.00694,0.00694
70,3647.1,1.7583,0.94533,1.51719,0.90011,0.73776,0.80832,0.35701,2.22287,1.1793,2.05085,0.006895,0.006895,0.006895
71,3694.33,1.73654,0.93653,1.48051,0.87343,0.64327,0.7514,0.31948,2.2216,1.45127,2.02512,0.00685,0.00685,0.00685
72,3741.35,1.74402,0.92865,1.50276,0.81702,0.75439,0.76624,0.33002,2.27996,1.24795,2.10965,0.006805,0.006805,0.006805
73,3788.92,1.73669,0.93681,1.50735,0.88964,0.70175,0.784,0.34208,2.19059,1.33921,2.01562,0.00676,0.00676,0.00676
74,3836.13,1.7177,0.92924,1.47488,0.8755,0.78135,0.80088,0.34808,2.23732,1.33938,2.04465,0.006715,0.006715,0.006715
75,3883.35,1.74385,0.93007,1.48692,0.8491,0.75684,0.77649,0.34136,2.27335,1.20047,2.06893,0.00667,0.00667,0.00667
76,3931.71,1.70768,0.90661,1.47398,0.84285,0.75275,0.74935,0.31608,2.3418,1.3237,2.1469,0.006625,0.006625,0.006625
77,3979.82,1.7121,0.91153,1.4943,0.88379,0.76023,0.77147,0.31854,2.28409,1.31631,2.08423,0.00658,0.00658,0.00658
78,4029.09,1.73508,0.93386,1.4937,0.90899,0.75929,0.82369,0.36263,2.14647,1.18585,1.97813,0.006535,0.006535,0.006535
79,4077.04,1.68927,0.89416,1.48416,0.88207,0.74854,0.81464,0.34737,2.24274,1.16482,2.07645,0.00649,0.00649,0.00649
80,4123.59,1.70853,0.906,1.50629,0.88058,0.74854,0.78143,0.33031,2.23297,1.28213,2.07221,0.006445,0.006445,0.006445
81,4170.19,1.72857,0.88825,1.48668,0.89522,0.74943,0.8241,0.3581,2.17739,1.23277,2.02015,0.0064,0.0064,0.0064
82,4217.01,1.69219,0.92008,1.47791,0.86502,0.76023,0.78886,0.34825,2.26114,1.2701,2.08269,0.006355,0.006355,0.006355
83,4263.9,1.71806,0.89237,1.47098,0.8588,0.80117,0.79255,0.32927,2.18283,1.16519,1.99884,0.00631,0.00631,0.00631
84,4311.23,1.73009,0.90595,1.48547,0.88001,0.76023,0.77657,0.32409,2.29007,1.22715,2.0773,0.006265,0.006265,0.006265
85,4359.39,1.72645,0.89837,1.49894,0.83217,0.7193,0.76341,0.33652,2.20081,1.21746,2.0233,0.00622,0.00622,0.00622
86,4407.38,1.66642,0.87027,1.45837,0.92633,0.75439,0.78899,0.33977,2.28046,1.22664,2.07338,0.006175,0.006175,0.006175
87,4455.89,1.68634,0.87748,1.47519,0.86653,0.74269,0.79957,0.35501,2.2028,1.2424,2.02466,0.00613,0.00613,0.00613
88,4503.68,1.69588,0.89885,1.46216,0.9107,0.80117,0.81158,0.35963,2.18677,1.13593,2.03191,0.006085,0.006085,0.006085
89,4550.9,1.68189,0.88686,1.47143,0.9089,0.78363,0.82105,0.35904,2.31124,1.14927,2.11422,0.00604,0.00604,0.00604
90,4597.7,1.70642,0.86076,1.48822,0.91843,0.76023,0.79644,0.33519,2.30485,1.20244,2.10093,0.005995,0.005995,0.005995
91,4645.76,1.67085,0.8932,1.47315,0.8947,0.74537,0.78731,0.3477,2.27095,1.1374,2.10511,0.00595,0.00595,0.00595
92,4692.06,1.69649,0.85821,1.46847,0.85889,0.74752,0.80736,0.32753,2.31487,1.40119,2.10776,0.005905,0.005905,0.005905
93,4738.77,1.71614,0.88019,1.4457,0.88321,0.77778,0.80241,0.35627,2.26532,1.12626,2.09269,0.00586,0.00586,0.00586
94,4785.82,1.6808,0.85655,1.44508,0.88103,0.77953,0.81246,0.34876,2.16793,1.14255,2.0051,0.005815,0.005815,0.005815
95,4833.32,1.67865,0.83436,1.4506,0.89277,0.78947,0.81471,0.34661,2.25714,1.17808,2.08319,0.00577,0.00577,0.00577
96,4880.89,1.67633,0.83867,1.43524,0.91288,0.74269,0.80002,0.33885,2.35977,1.20148,2.19035,0.005725,0.005725,0.005725
97,4929.24,1.66369,0.83674,1.4587,0.82635,0.74854,0.7793,0.31938,2.26184,1.33511,2.06969,0.00568,0.00568,0.00568
98,4977.09,1.66742,0.85149,1.44697,0.90657,0.79443,0.80864,0.34754,2.24133,1.16286,2.05517,0.005635,0.005635,0.005635
99,5025.16,1.67842,0.85758,1.46938,0.90691,0.76608,0.80891,0.34627,2.32773,1.20343,2.13845,0.00559,0.00559,0.00559
100,5073.3,1.65651,0.83115,1.43475,0.88512,0.76608,0.80658,0.33786,2.24235,1.176,2.06305,0.005545,0.005545,0.005545
101,5121.15,1.66721,0.84935,1.46019,0.92915,0.7669,0.83014,0.35917,2.27427,1.11083,2.09055,0.0055,0.0055,0.0055
102,5168.05,1.63714,0.8129,1.45858,0.95604,0.73099,0.79502,0.35459,2.35885,1.21114,2.17848,0.005455,0.005455,0.005455
103,5214.57,1.6599,0.82224,1.45985,0.93747,0.78902,0.81507,0.36109,2.26392,1.20885,2.0851,0.00541,0.00541,0.00541
104,5261.95,1.67573,0.83029,1.45476,0.90459,0.82456,0.83833,0.3517,2.31086,1.17276,2.10872,0.005365,0.005365,0.005365
105,5309.4,1.66134,0.83976,1.46721,0.87967,0.77193,0.80353,0.3516,2.25036,1.10674,2.08085,0.00532,0.00532,0.00532
106,5357.11,1.68126,0.82129,1.47795,0.91297,0.79752,0.82241,0.35328,2.23569,1.09219,2.02587,0.005275,0.005275,0.005275
107,5405.67,1.6559,0.84758,1.43849,0.93683,0.78363,0.81377,0.36361,2.19133,1.13625,2.02647,0.00523,0.00523,0.00523
108,5453.84,1.66747,0.82709,1.47652,0.91998,0.80677,0.82499,0.34916,2.24016,1.22358,2.02897,0.005185,0.005185,0.005185
109,5501.79,1.6665,0.81966,1.44658,0.91693,0.80702,0.84485,0.35729,2.26409,1.11592,2.09346,0.00514,0.00514,0.00514
110,5549.47,1.64101,0.79931,1.43379,0.89352,0.78513,0.81991,0.36505,2.18765,1.11444,2.00939,0.005095,0.005095,0.005095
111,5596.93,1.65429,0.80512,1.47763,0.94946,0.76902,0.83059,0.35203,2.31365,1.1657,2.11652,0.00505,0.00505,0.00505
112,5643.76,1.62779,0.8086,1.43041,0.87017,0.76608,0.76775,0.32355,2.3194,1.13521,2.14809,0.005005,0.005005,0.005005
113,5690.92,1.64057,0.83125,1.43751,0.92006,0.80766,0.82931,0.35184,2.26972,1.11992,2.06314,0.00496,0.00496,0.00496
114,5738.28,1.66306,0.83656,1.46113,0.93799,0.79616,0.84857,0.37406,2.19556,1.0839,2.02728,0.004915,0.004915,0.004915
115,5786.28,1.65021,0.81196,1.43565,0.9153,0.75836,0.80896,0.35304,2.32716,1.17908,2.13966,0.00487,0.00487,0.00487
116,5832.95,1.64696,0.81452,1.45711,0.92932,0.76608,0.80832,0.35298,2.23896,1.19882,2.05901,0.004825,0.004825,0.004825
117,5880.69,1.61621,0.79009,1.42192,0.85806,0.72515,0.79209,0.35466,2.23066,1.31069,2.05655,0.00478,0.00478,0.00478
118,5928.67,1.60058,0.77723,1.4011,0.96484,0.76023,0.83121,0.3659,2.29905,1.11553,2.11483,0.004735,0.004735,0.004735
119,5977.31,1.6306,0.80697,1.41926,0.96274,0.75547,0.8151,0.3649,2.27245,1.14883,2.11359,0.00469,0.00469,0.00469
120,6025.14,1.61892,0.79741,1.44332,0.93697,0.74269,0.82487,0.36384,2.23606,1.17796,2.07205,0.004645,0.004645,0.004645
121,6072.47,1.62493,0.81089,1.44741,0.91606,0.76023,0.80547,0.35467,2.26118,1.16669,2.0815,0.0046,0.0046,0.0046
122,6120.17,1.60077,0.7859,1.43924,0.88235,0.78946,0.80657,0.35962,2.32821,1.17402,2.13893,0.004555,0.004555,0.004555
123,6167.53,1.61782,0.79178,1.43363,0.85701,0.81871,0.81374,0.35045,2.27194,1.06839,2.10241,0.00451,0.00451,0.00451
124,6214.77,1.59442,0.77728,1.4159,0.89643,0.78363,0.79693,0.34677,2.22797,1.22974,2.06442,0.004465,0.004465,0.004465
125,6262.7,1.62811,0.76653,1.43429,0.91194,0.76023,0.82618,0.36917,2.23644,1.19153,2.08327,0.00442,0.00442,0.00442
126,6310.56,1.61553,0.79594,1.4271,0.85274,0.77889,0.77579,0.33499,2.25699,1.23335,2.0588,0.004375,0.004375,0.004375
127,6358.37,1.62048,0.77559,1.43136,0.91586,0.78947,0.77526,0.33067,2.31412,1.14588,2.12142,0.00433,0.00433,0.00433
128,6407.44,1.60482,0.77134,1.4302,0.8841,0.803,0.83032,0.34841,2.2764,1.11959,2.11574,0.004285,0.004285,0.004285
129,6455.65,1.62591,0.7945,1.43645,0.95114,0.78363,0.8163,0.36769,2.25494,1.09779,2.07731,0.00424,0.00424,0.00424
130,6503.35,1.59386,0.77411,1.41976,0.94926,0.79532,0.82065,0.37763,2.18366,1.09678,2.0137,0.004195,0.004195,0.004195
131,6551.77,1.60862,0.78435,1.43622,0.90765,0.80464,0.82055,0.36164,2.22692,1.07833,2.04608,0.00415,0.00415,0.00415
132,6599.11,1.59429,0.79538,1.4353,0.95729,0.78647,0.83514,0.36209,2.20763,1.0828,2.05701,0.004105,0.004105,0.004105
133,6646.05,1.57252,0.76191,1.41406,0.9362,0.77229,0.82408,0.35592,2.23399,1.1626,2.08447,0.00406,0.00406,0.00406
134,6693.39,1.58791,0.76118,1.42017,0.90955,0.77778,0.81499,0.37493,2.24966,1.13252,2.09172,0.004015,0.004015,0.004015
135,6741.55,1.59231,0.76274,1.41819,0.92033,0.78947,0.81575,0.35484,2.27907,1.16077,2.10737,0.00397,0.00397,0.00397
136,6789.76,1.62076,0.77144,1.43005,0.92236,0.76427,0.8127,0.34778,2.35223,1.123,2.19749,0.003925,0.003925,0.003925
137,6838.07,1.59184,0.7517,1.42624,0.95922,0.78363,0.83851,0.36614,2.27531,1.07556,2.10388,0.00388,0.00388,0.00388
138,6887.19,1.57711,0.74122,1.40239,0.9225,0.77778,0.82962,0.36472,2.29078,1.10446,2.12914,0.003835,0.003835,0.003835
139,6935.77,1.59475,0.75754,1.40398,0.89156,0.74854,0.81389,0.35752,2.26004,1.06226,2.10372,0.00379,0.00379,0.00379
140,6983.58,1.58204,0.75898,1.41374,0.94192,0.75874,0.82461,0.35535,2.30932,1.18498,2.13296,0.003745,0.003745,0.003745
141,7031.35,1.57216,0.73901,1.42341,0.88923,0.80117,0.8223,0.36122,2.23337,1.22663,2.03209,0.0037,0.0037,0.0037
142,7078.59,1.58322,0.77268,1.42471,0.92846,0.76608,0.81423,0.34039,2.29161,1.13784,2.10655,0.003655,0.003655,0.003655
143,7125.72,1.60168,0.73573,1.40818,0.9233,0.77435,0.8325,0.37298,2.27884,1.14886,2.09041,0.00361,0.00361,0.00361
144,7172.8,1.58754,0.75635,1.39124,0.964,0.78305,0.8465,0.38185,2.23819,1.09375,2.05941,0.003565,0.003565,0.003565
145,7221.35,1.57785,0.74591,1.42318,0.9119,0.78695,0.83448,0.37729,2.19033,1.12051,2.03099,0.00352,0.00352,0.00352
146,7269.73,1.55506,0.73907,1.37488,0.94676,0.76608,0.80539,0.36041,2.23164,1.08728,2.05634,0.003475,0.003475,0.003475
147,7317.87,1.53643,0.72762,1.39737,0.88036,0.8176,0.83801,0.36052,2.30896,1.19336,2.16713,0.00343,0.00343,0.00343
148,7366.83,1.54028,0.71647,1.38456,0.90704,0.79885,0.83298,0.37171,2.25511,1.1432,2.0914,0.003385,0.003385,0.003385
149,7415.65,1.57344,0.73655,1.42474,0.93005,0.78363,0.842,0.36209,2.23409,1.13261,2.02797,0.00334,0.00334,0.00334
150,7463.04,1.57033,0.75299,1.39861,0.90741,0.8024,0.82434,0.347,2.19996,1.2195,2.0211,0.003295,0.003295,0.003295
151,7510.89,1.56375,0.72889,1.39167,0.90615,0.81287,0.83671,0.36804,2.23197,1.14478,2.03903,0.00325,0.00325,0.00325
152,7557.87,1.54941,0.723,1.39209,0.89587,0.80504,0.83037,0.35838,2.21879,1.15847,2.03994,0.003205,0.003205,0.003205
153,7604.65,1.54321,0.72662,1.41068,0.96173,0.77193,0.83993,0.36221,2.25215,1.21435,2.0791,0.00316,0.00316,0.00316
154,7652.58,1.56778,0.73289,1.40819,0.94471,0.79938,0.85386,0.37007,2.23037,1.13399,2.03664,0.003115,0.003115,0.003115
155,7700.52,1.53265,0.72381,1.38526,0.96039,0.77193,0.82807,0.36158,2.2934,1.09382,2.13819,0.00307,0.00307,0.00307
156,7748.78,1.52269,0.70618,1.39277,0.92513,0.79532,0.83836,0.36067,2.27447,1.10501,2.08296,0.003025,0.003025,0.003025
157,7796.57,1.5545,0.73057,1.39488,0.92099,0.77778,0.83271,0.37753,2.20088,1.13813,2.05387,0.00298,0.00298,0.00298
158,7845.25,1.55006,0.72074,1.39129,0.9179,0.77193,0.8193,0.36082,2.21497,1.17682,2.05172,0.002935,0.002935,0.002935
159,7894.07,1.547,0.71974,1.40723,0.93447,0.75439,0.83532,0.37077,2.23616,1.13294,2.08279,0.00289,0.00289,0.00289
160,7941.69,1.57984,0.73138,1.41916,0.85788,0.83626,0.83793,0.37695,2.24953,1.12176,2.09083,0.002845,0.002845,0.002845
161,7989.61,1.53648,0.71141,1.38536,0.94221,0.78947,0.8244,0.36644,2.26043,1.12086,2.08685,0.0028,0.0028,0.0028
162,8037.01,1.53872,0.70477,1.38663,0.93514,0.79532,0.82942,0.38024,2.23368,1.1898,2.05367,0.002755,0.002755,0.002755
163,8084.14,1.53528,0.71907,1.39815,0.92153,0.75546,0.82131,0.3711,2.24807,1.20595,2.09779,0.00271,0.00271,0.00271
164,8131.23,1.52596,0.70243,1.39203,0.89395,0.80117,0.81817,0.36437,2.21135,1.13943,2.03893,0.002665,0.002665,0.002665
165,8179.26,1.53631,0.71963,1.40424,0.86442,0.82456,0.82646,0.38019,2.23373,1.20393,2.07952,0.00262,0.00262,0.00262
166,8227.47,1.50318,0.7016,1.3532,0.93169,0.79764,0.83983,0.38595,2.15672,1.05597,2.01347,0.002575,0.002575,0.002575
167,8275.57,1.52408,0.70657,1.37498,0.95083,0.78363,0.82951,0.37413,2.22969,1.14485,2.05183,0.00253,0.00253,0.00253
168,8323.95,1.53451,0.70992,1.39457,0.94533,0.80897,0.84173,0.37396,2.22457,1.1305,2.06137,0.002485,0.002485,0.002485
169,8372.17,1.52504,0.71337,1.3818,0.96317,0.78947,0.8477,0.39466,2.17645,1.12377,1.99695,0.00244,0.00244,0.00244
170,8420.1,1.54318,0.69513,1.38601,0.95356,0.80117,0.8498,0.39304,2.1626,1.08508,1.99301,0.002395,0.002395,0.002395
171,8467.55,1.53615,0.70254,1.38263,0.93796,0.79565,0.84641,0.3805,2.20764,1.09932,2.0158,0.00235,0.00235,0.00235
172,8514.59,1.51252,0.71169,1.37621,0.9469,0.78363,0.8424,0.37421,2.19479,1.10628,1.9979,0.002305,0.002305,0.002305
173,8561.29,1.49441,0.69721,1.37457,0.95366,0.78363,0.83702,0.36927,2.22896,1.18782,2.0424,0.00226,0.00226,0.00226
174,8607.87,1.5231,0.69651,1.37424,0.90864,0.8143,0.85004,0.38161,2.1713,1.13261,2.01384,0.002215,0.002215,0.002215
175,8655.8,1.5089,0.67675,1.35215,0.92468,0.78975,0.84085,0.37912,2.20619,1.14011,2.02843,0.00217,0.00217,0.00217
176,8704.43,1.50733,0.69799,1.36191,0.94581,0.79532,0.84854,0.37585,2.2272,1.13363,2.07155,0.002125,0.002125,0.002125
177,8753.13,1.4966,0.6878,1.36626,0.96422,0.79532,0.85866,0.38069,2.20338,1.12211,2.04304,0.00208,0.00208,0.00208
178,8802.29,1.5127,0.69563,1.37496,0.97825,0.78914,0.84307,0.37803,2.2453,1.08352,2.0749,0.002035,0.002035,0.002035
179,8850.87,1.50158,0.69087,1.37027,0.95738,0.78814,0.82916,0.37906,2.23948,1.10009,2.08737,0.00199,0.00199,0.00199
180,8898.66,1.48588,0.6583,1.33331,0.96754,0.78947,0.85091,0.37991,2.27445,1.13126,2.13384,0.001945,0.001945,0.001945
181,8945.89,1.48115,0.67372,1.3655,0.94453,0.7966,0.85884,0.37017,2.25913,1.11625,2.11332,0.0019,0.0019,0.0019
182,8992.87,1.49221,0.69541,1.36587,0.92778,0.78363,0.83373,0.36003,2.249,1.0953,2.11531,0.001855,0.001855,0.001855
183,9039.38,1.48799,0.66988,1.357,0.93246,0.81287,0.85268,0.36597,2.25169,1.09253,2.09969,0.00181,0.00181,0.00181
184,9086.75,1.50655,0.68014,1.37074,0.93316,0.81648,0.86012,0.38814,2.17881,1.05302,2.03906,0.001765,0.001765,0.001765
185,9134.3,1.49577,0.67258,1.36254,0.95102,0.79477,0.8501,0.38203,2.21151,1.07377,2.07872,0.00172,0.00172,0.00172
186,9181.64,1.4697,0.67024,1.34895,0.93722,0.81871,0.8651,0.38384,2.21327,1.03142,2.06361,0.001675,0.001675,0.001675
187,9229.34,1.50372,0.68259,1.36397,0.93986,0.82252,0.86286,0.38483,2.18773,1.04122,2.03663,0.00163,0.00163,0.00163
188,9277.27,1.47845,0.65647,1.35734,0.94433,0.79357,0.85218,0.37356,2.21716,1.06717,2.05306,0.001585,0.001585,0.001585
189,9325.36,1.49628,0.67332,1.35226,0.93447,0.80702,0.85708,0.37854,2.20669,1.04457,2.05914,0.00154,0.00154,0.00154
190,9372.87,1.50292,0.683,1.3716,0.94415,0.79091,0.84536,0.36929,2.24336,1.10074,2.07447,0.001495,0.001495,0.001495
191,9453.64,1.47905,0.63439,1.59569,0.93094,0.78827,0.83147,0.37143,2.22035,1.13862,2.06158,0.00145,0.00145,0.00145
192,9499.85,1.41983,0.60086,1.54162,0.9377,0.79219,0.8302,0.3752,2.18024,1.19495,2.02703,0.001405,0.001405,0.001405
193,9547.29,1.44829,0.60385,1.57627,0.92799,0.77778,0.82989,0.3748,2.18484,1.17771,2.04191,0.00136,0.00136,0.00136
194,9595.46,1.43012,0.60619,1.57697,0.93034,0.78108,0.83341,0.37316,2.22409,1.16309,2.07477,0.001315,0.001315,0.001315
195,9643.36,1.41978,0.60359,1.55644,0.92683,0.78363,0.82921,0.37254,2.24173,1.20386,2.08272,0.00127,0.00127,0.00127
196,9691.5,1.4322,0.60147,1.57082,0.93024,0.78363,0.84253,0.38465,2.19644,1.15627,2.05226,0.001225,0.001225,0.001225
197,9740.84,1.4181,0.59347,1.55187,0.95373,0.77778,0.84431,0.38165,2.21382,1.14412,2.05886,0.00118,0.00118,0.00118
198,9790.14,1.41341,0.59601,1.56493,0.96305,0.78947,0.83954,0.38306,2.21571,1.13907,2.06723,0.001135,0.001135,0.001135
199,9838.75,1.43205,0.57706,1.56896,0.94773,0.77778,0.85144,0.38026,2.20829,1.10211,2.06306,0.00109,0.00109,0.00109
200,9886.82,1.4146,0.58942,1.55507,0.92534,0.80117,0.84068,0.37957,2.25622,1.12881,2.09543,0.001045,0.001045,0.001045
